<?xml version="1.0" encoding="UTF-8"?>
<!DOCTYPE mapper
    PUBLIC "-//mybatis.org//DTD Mapper 3.0//EN"
    "https://mybatis.org/dtd/mybatis-3-mapper.dtd">

<mapper namespace="org.doit.ik.mapper.BoardMapper">

	<sql id="criteria">
		<trim prefix="(" suffix=") AND" prefixOverrides="OR">
			<foreach collection="typeArr" item="type">
				<trim prefix="OR">
					<choose>
						<when test="type=='T'.toString()"> REGEXP_LIKE(title, #{keyword}, 'i')</when>
                        <when test="type=='C'.toString()"> REGEXP_LIKE(content, #{keyword}, 'i')</when>
                        <when test="type=='W'.toString()"> REGEXP_LIKE(writer, #{keyword},  'i')</when>
					</choose>
				</trim>
			</foreach>
		</trim>
	</sql>

	<!-- List<BoardVO> getListWithPaging(Criteria criteria); -->
	<select id="getListWithPaging" resultType="org.doit.ik.domain.BoardVO">
		<![CDATA[
			SELECT bno, title, content, writer, regdate, updatedate
			FROM (
			         SELECT /*+INDEX_DESC(tbl_board pk_tblboard_bno )*/
			                rownum rn, bno, title, content, writer, regdate, updatedate
			         FROM tbl_board 
			         WHERE
		]]>
		<include refid="criteria"></include>
		<![CDATA[
			         rownum <= #{ pageNum } * #{ amount }
			     )
			WHERE rn > (#{ pageNum } - 1) * #{ amount }
		]]>
    </select>
	
	<!-- int getTotalCount(Criteria criteria); // 총 게시글 수 -->
	<select id="getTotalCount" resultType="int">
		<![CDATA[
			SELECT COUNT(*)
			FROM tbl_board
			WHERE
		]]>
		<include refid="criteria"></include>
		<![CDATA[
			bno > 0
		]]>
		
	</select>

	<!-- List<BoardVO> getList(); -->
	<select id="getList" resultType="org.doit.ik.domain.BoardVO">
		<![CDATA[
			SELECT *
			FROM tbl_board
			WHERE
		]]>
		<include refid="criteria"></include>
		<![CDATA[
			bno > 0
			ORDER BY bno DESC
		]]>
	</select> <!-- >가 태그가 아님을 명시 -->
	
	<!-- void insert(BoardVO board); -->
	<insert id="insert">
		INSERT INTO tbl_board ( bno, title, content, writer )
		VALUES ( seq_board.NEXTVAL, #{title}, #{content}, #{writer} )
	</insert>
	
	<!-- void insertSelectKey(BoardVO board); -->
	<insert id="insertSelectKey">
		<selectKey keyProperty="bno" order="BEFORE" resultType="long">
			SELECT seq_board.NEXTVAL
			FROM dual
		</selectKey>
		INSERT INTO tbl_board ( bno, title, content, writer )
		VALUES ( #{bno}, #{title}, #{content}, #{writer} )
	</insert>
	
	<!-- BoardVO read(Long bno); -->
	<select id="read" resultType="org.doit.ik.domain.BoardVO">
		SELECT *
		FROM tbl_board
		WHERE bno = #{bno}
	</select>
	
	<!-- int delete(Long bno); -->
	<delete id="delete">
		DELETE FROM tbl_board
		WHERE bno = #{bno}
	</delete>
	
	<!-- int update(BoardVO board); -->
	<update id="update">
		UPDATE tbl_board
		SET title = #{title}, content = #{content}, writer = #{writer}, updatedate = sysdate
		WHERE bno = #{bno}
	</update>
	
</mapper>